-- Create tables
CREATE TABLE IF NOT EXISTS categories (
    category_id INT PRIMARY KEY,
    category_name VARCHAR(100) NOT NULL UNIQUE
);

CREATE TABLE IF NOT EXISTS products (
    product_id INT PRIMARY KEY,
    product_name VARCHAR(100) NOT NULL,
    category_id INT NOT NULL,
    FOREIGN KEY (category_id) REFERENCES categories(category_id)
);

CREATE TABLE IF NOT EXISTS sales (
    sale_id INT AUTO_INCREMENT PRIMARY KEY,
    date DATE NOT NULL,
    product_id INT NOT NULL,
    sales_volume INT NOT NULL,
    price_per_unit DECIMAL(10,2) NOT NULL,
    FOREIGN KEY (product_id) REFERENCES products(product_id)
);

-- Insert categories
INSERT INTO categories (category_id, category_name) VALUES (1, 'Grains');
INSERT INTO categories (category_id, category_name) VALUES (2, 'Fruits');
INSERT INTO categories (category_id, category_name) VALUES (3, 'Vegetables');
INSERT INTO categories (category_id, category_name) VALUES (4, 'Tubers');
INSERT INTO categories (category_id, category_name) VALUES (5, 'Legumes');

-- Insert products
INSERT INTO products (product_id, product_name, category_id) VALUES (1, 'Rice', 1);
INSERT INTO products (product_id, product_name, category_id) VALUES (2, 'Corn', 1);
INSERT INTO products (product_id, product_name, category_id) VALUES (3, 'Barley', 1);
INSERT INTO products (product_id, product_name, category_id) VALUES (4, 'Banana', 2);
INSERT INTO products (product_id, product_name, category_id) VALUES (5, 'Mango', 2);
INSERT INTO products (product_id, product_name, category_id) VALUES (6, 'Papaya', 2);
INSERT INTO products (product_id, product_name, category_id) VALUES (7, 'Tomato', 3);
INSERT INTO products (product_id, product_name, category_id) VALUES (8, 'Cabbage', 3);
INSERT INTO products (product_id, product_name, category_id) VALUES (9, 'Onion', 3);
INSERT INTO products (product_id, product_name, category_id) VALUES (10, 'Potato', 4);
INSERT INTO products (product_id, product_name, category_id) VALUES (11, 'Cassava', 4);
INSERT INTO products (product_id, product_name, category_id) VALUES (12, 'Sweet Potato', 4);
INSERT INTO products (product_id, product_name, category_id) VALUES (13, 'Lentils', 5);
INSERT INTO products (product_id, product_name, category_id) VALUES (14, 'Beans', 5);
INSERT INTO products (product_id, product_name, category_id) VALUES (15, 'Peas', 5);

-- Insert sales
INSERT INTO sales (date, product_id, sales_volume, price_per_unit) VALUES ('2020-01-01', 1, 978, 28.15);
INSERT INTO sales (date, product_id, sales_volume, price_per_unit) VALUES ('2020-02-01', 1, 987, 23.25);
INSERT INTO sales (date, product_id, sales_volume, price_per_unit) VALUES ('2020-03-01', 1, 948, 23.44);
INSERT INTO sales (date, product_id, sales_volume, price_per_unit) VALUES ('2020-04-01', 1, 961, 24.01);
INSERT INTO sales (date, product_id, sales_volume, price_per_unit) VALUES ('2020-05-01', 1, 896, 24.25);
INSERT INTO sales (date, product_id, sales_volume, price_per_unit) VALUES ('2020-06-01', 1, 878, 23.76);
INSERT INTO sales (date, product_id, sales_volume, price_per_unit) VALUES ('2020-07-01', 1, 889, 23.57);
INSERT INTO sales (date, product_id, sales_volume, price_per_unit) VALUES ('2020-08-01', 1, 890, 25.62);
INSERT INTO sales (date, product_id, sales_volume, price_per_unit) VALUES ('2020-09-01', 1, 927, 24.24);
INSERT INTO sales (date, product_id, sales_volume, price_per_unit) VALUES ('2020-10-01', 1, 916, 25.15);
INSERT INTO sales (date, product_id, sales_volume, price_per_unit) VALUES ('2020-11-01', 1, 892, 23.79);
INSERT INTO sales (date, product_id, sales_volume, price_per_unit) VALUES ('2020-12-01', 1, 1009, 24.07);
INSERT INTO sales (date, product_id, sales_volume, price_per_unit) VALUES ('2021-01-01', 1, 988, 26.94);
INSERT INTO sales (date, product_id, sales_volume, price_per_unit) VALUES ('2021-02-01', 1, 1015, 24.77);
INSERT INTO sales (date, product_id, sales_volume, price_per_unit) VALUES ('2021-03-01', 1, 982, 25.5);
INSERT INTO sales (date, product_id, sales_volume, price_per_unit) VALUES ('2021-04-01', 1, 979, 24.56);
INSERT INTO sales (date, product_id, sales_volume, price_per_unit) VALUES ('2021-05-01', 1, 995, 21.8);
INSERT INTO sales (date, product_id, sales_volume, price_per_unit) VALUES ('2021-06-01', 1, 971, 25.52);
INSERT INTO sales (date, product_id, sales_volume, price_per_unit) VALUES ('2021-07-01', 1, 942, 25.95);
INSERT INTO sales (date, product_id, sales_volume, price_per_unit) VALUES ('2021-08-01', 1, 880, 24.97);
INSERT INTO sales (date, product_id, sales_volume, price_per_unit) VALUES ('2021-09-01', 1, 931, 25.32);
INSERT INTO sales (date, product_id, sales_volume, price_per_unit) VALUES ('2021-10-01', 1, 907, 23.86);
INSERT INTO sales (date, product_id, sales_volume, price_per_unit) VALUES ('2021-11-01', 1, 981, 24.67);
INSERT INTO sales (date, product_id, sales_volume, price_per_unit) VALUES ('2021-12-01', 1, 998, 24.43);
INSERT INTO sales (date, product_id, sales_volume, price_per_unit) VALUES ('2022-01-01', 1, 1014, 24.83);
INSERT INTO sales (date, product_id, sales_volume, price_per_unit) VALUES ('2022-02-01', 1, 983, 22.87);
INSERT INTO sales (date, product_id, sales_volume, price_per_unit) VALUES ('2022-03-01', 1, 970, 23.92);
INSERT INTO sales (date, product_id, sales_volume, price_per_unit) VALUES ('2022-04-01', 1, 1049, 22.52);
INSERT INTO sales (date, product_id, sales_volume, price_per_unit) VALUES ('2022-05-01', 1, 953, 24.86);
INSERT INTO sales (date, product_id, sales_volume, price_per_unit) VALUES ('2022-06-01', 1, 985, 24.69);
INSERT INTO sales (date, product_id, sales_volume, price_per_unit) VALUES ('2022-07-01', 1, 876, 23.4);
INSERT INTO sales (date, product_id, sales_volume, price_per_unit) VALUES ('2022-08-01', 1, 908, 25.64);
INSERT INTO sales (date, product_id, sales_volume, price_per_unit) VALUES ('2022-09-01', 1, 973, 24.26);
INSERT INTO sales (date, product_id, sales_volume, price_per_unit) VALUES ('2022-10-01', 1, 991, 24.01);
INSERT INTO sales (date, product_id, sales_volume, price_per_unit) VALUES ('2022-11-01', 1, 969, 20.55);
INSERT INTO sales (date, product_id, sales_volume, price_per_unit) VALUES ('2022-12-01', 1, 1020, 25.13);
INSERT INTO sales (date, product_id, sales_volume, price_per_unit) VALUES ('2023-01-01', 1, 994, 22.07);
INSERT INTO sales (date, product_id, sales_volume, price_per_unit) VALUES ('2023-02-01', 1, 970, 26.79);
INSERT INTO sales (date, product_id, sales_volume, price_per_unit) VALUES ('2023-03-01', 1, 1049, 24.55);
INSERT INTO sales (date, product_id, sales_volume, price_per_unit) VALUES ('2023-04-01', 1, 1021, 24.71);
INSERT INTO sales (date, product_id, sales_volume, price_per_unit) VALUES ('2023-05-01', 1, 960, 25.17);
INSERT INTO sales (date, product_id, sales_volume, price_per_unit) VALUES ('2023-06-01', 1, 960, 26.15);
INSERT INTO sales (date, product_id, sales_volume, price_per_unit) VALUES ('2023-07-01', 1, 981, 21.13);
INSERT INTO sales (date, product_id, sales_volume, price_per_unit) VALUES ('2023-08-01', 1, 989, 25.08);
INSERT INTO sales (date, product_id, sales_volume, price_per_unit) VALUES ('2023-09-01', 1, 1015, 26.35);
INSERT INTO sales (date, product_id, sales_volume, price_per_unit) VALUES ('2023-10-01', 1, 999, 22.68);
INSERT INTO sales (date, product_id, sales_volume, price_per_unit) VALUES ('2023-11-01', 1, 1042, 25.47);
INSERT INTO sales (date, product_id, sales_volume, price_per_unit) VALUES ('2023-12-01', 1, 1055, 25.21);
INSERT INTO sales (date, product_id, sales_volume, price_per_unit) VALUES ('2020-01-01', 2, 1057, 50.87);
INSERT INTO sales (date, product_id, sales_volume, price_per_unit) VALUES ('2020-02-01', 2, 1050, 54.96);
INSERT INTO sales (date, product_id, sales_volume, price_per_unit) VALUES ('2020-03-01', 2, 1002, 51.19);
INSERT INTO sales (date, product_id, sales_volume, price_per_unit) VALUES ('2020-04-01', 2, 993, 51.76);
INSERT INTO sales (date, product_id, sales_volume, price_per_unit) VALUES ('2020-05-01', 2, 1013, 46.9);
INSERT INTO sales (date, product_id, sales_volume, price_per_unit) VALUES ('2020-06-01', 2, 981, 51.11);
INSERT INTO sales (date, product_id, sales_volume, price_per_unit) VALUES ('2020-07-01', 2, 927, 47.84);
INSERT INTO sales (date, product_id, sales_volume, price_per_unit) VALUES ('2020-08-01', 2, 964, 51.57);
INSERT INTO sales (date, product_id, sales_volume, price_per_unit) VALUES ('2020-09-01', 2, 1000, 51.96);
INSERT INTO sales (date, product_id, sales_volume, price_per_unit) VALUES ('2020-10-01', 2, 1005, 49.68);
INSERT INTO sales (date, product_id, sales_volume, price_per_unit) VALUES ('2020-11-01', 2, 1012, 46.65);
INSERT INTO sales (date, product_id, sales_volume, price_per_unit) VALUES ('2020-12-01', 2, 1007, 48.48);
INSERT INTO sales (date, product_id, sales_volume, price_per_unit) VALUES ('2021-01-01', 2, 1103, 54.86);
INSERT INTO sales (date, product_id, sales_volume, price_per_unit) VALUES ('2021-02-01', 2, 1118, 54.27);
INSERT INTO sales (date, product_id, sales_volume, price_per_unit) VALUES ('2021-03-01', 2, 1013, 50.61);
INSERT INTO sales (date, product_id, sales_volume, price_per_unit) VALUES ('2021-04-01', 2, 1055, 54.64);
INSERT INTO sales (date, product_id, sales_volume, price_per_unit) VALUES ('2021-05-01', 2, 1046, 49.41);
INSERT INTO sales (date, product_id, sales_volume, price_per_unit) VALUES ('2021-06-01', 2, 953, 52.22);
INSERT INTO sales (date, product_id, sales_volume, price_per_unit) VALUES ('2021-07-01', 2, 1033, 47.29);
INSERT INTO sales (date, product_id, sales_volume, price_per_unit) VALUES ('2021-08-01', 2, 987, 50.62);
INSERT INTO sales (date, product_id, sales_volume, price_per_unit) VALUES ('2021-09-01', 2, 998, 50.5);
INSERT INTO sales (date, product_id, sales_volume, price_per_unit) VALUES ('2021-10-01', 2, 999, 53.33);
INSERT INTO sales (date, product_id, sales_volume, price_per_unit) VALUES ('2021-11-01', 2, 966, 48.29);
INSERT INTO sales (date, product_id, sales_volume, price_per_unit) VALUES ('2021-12-01', 2, 1073, 45.62);
INSERT INTO sales (date, product_id, sales_volume, price_per_unit) VALUES ('2022-01-01', 2, 1061, 49.97);
INSERT INTO sales (date, product_id, sales_volume, price_per_unit) VALUES ('2022-02-01', 2, 1058, 50.13);
INSERT INTO sales (date, product_id, sales_volume, price_per_unit) VALUES ('2022-03-01', 2, 1076, 50.01);
INSERT INTO sales (date, product_id, sales_volume, price_per_unit) VALUES ('2022-04-01', 2, 1080, 47.11);
INSERT INTO sales (date, product_id, sales_volume, price_per_unit) VALUES ('2022-05-01', 2, 1049, 46.28);
INSERT INTO sales (date, product_id, sales_volume, price_per_unit) VALUES ('2022-06-01', 2, 1055, 51.98);
INSERT INTO sales (date, product_id, sales_volume, price_per_unit) VALUES ('2022-07-01', 2, 949, 51.26);
INSERT INTO sales (date, product_id, sales_volume, price_per_unit) VALUES ('2022-08-01', 2, 995, 53.21);
INSERT INTO sales (date, product_id, sales_volume, price_per_unit) VALUES ('2022-09-01', 2, 1028, 47.22);
INSERT INTO sales (date, product_id, sales_volume, price_per_unit) VALUES ('2022-10-01', 2, 1084, 48.34);
INSERT INTO sales (date, product_id, sales_volume, price_per_unit) VALUES ('2022-11-01', 2, 1096, 51.83);
INSERT INTO sales (date, product_id, sales_volume, price_per_unit) VALUES ('2022-12-01', 2, 1097, 50.63);
INSERT INTO sales (date, product_id, sales_volume, price_per_unit) VALUES ('2023-01-01', 2, 1034, 48.71);
INSERT INTO sales (date, product_id, sales_volume, price_per_unit) VALUES ('2023-02-01', 2, 1118, 52.52);
INSERT INTO sales (date, product_id, sales_volume, price_per_unit) VALUES ('2023-03-01', 2, 1142, 52.41);
INSERT INTO sales (date, product_id, sales_volume, price_per_unit) VALUES ('2023-04-01', 2, 1027, 49.5);
INSERT INTO sales (date, product_id, sales_volume, price_per_unit) VALUES ('2023-05-01', 2, 1044, 54.87);
INSERT INTO sales (date, product_id, sales_volume, price_per_unit) VALUES ('2023-06-01', 2, 979, 51.21);
INSERT INTO sales (date, product_id, sales_volume, price_per_unit) VALUES ('2023-07-01', 2, 1036, 49.47);
INSERT INTO sales (date, product_id, sales_volume, price_per_unit) VALUES ('2023-08-01', 2, 916, 49.7);
INSERT INTO sales (date, product_id, sales_volume, price_per_unit) VALUES ('2023-09-01', 2, 990, 44.25);
INSERT INTO sales (date, product_id, sales_volume, price_per_unit) VALUES ('2023-10-01', 2, 1045, 48.66);
INSERT INTO sales (date, product_id, sales_volume, price_per_unit) VALUES ('2023-11-01', 2, 1062, 51.27);
INSERT INTO sales (date, product_id, sales_volume, price_per_unit) VALUES ('2023-12-01', 2, 1093, 53.5);
INSERT INTO sales (date, product_id, sales_volume, price_per_unit) VALUES ('2020-01-01', 3, 908, 32.29);
INSERT INTO sales (date, product_id, sales_volume, price_per_unit) VALUES ('2020-02-01', 3, 922, 28.87);
INSERT INTO sales (date, product_id, sales_volume, price_per_unit) VALUES ('2020-03-01', 3, 901, 31.95);
INSERT INTO sales (date, product_id, sales_volume, price_per_unit) VALUES ('2020-04-01', 3, 864, 32.41);
INSERT INTO sales (date, product_id, sales_volume, price_per_unit) VALUES ('2020-05-01', 3, 868, 29.45);
INSERT INTO sales (date, product_id, sales_volume, price_per_unit) VALUES ('2020-06-01', 3, 880, 31.58);
INSERT INTO sales (date, product_id, sales_volume, price_per_unit) VALUES ('2020-07-01', 3, 802, 29.29);
INSERT INTO sales (date, product_id, sales_volume, price_per_unit) VALUES ('2020-08-01', 3, 808, 30.96);
INSERT INTO sales (date, product_id, sales_volume, price_per_unit) VALUES ('2020-09-01', 3, 803, 29.09);
INSERT INTO sales (date, product_id, sales_volume, price_per_unit) VALUES ('2020-10-01', 3, 816, 26.13);
INSERT INTO sales (date, product_id, sales_volume, price_per_unit) VALUES ('2020-11-01', 3, 828, 30.45);
INSERT INTO sales (date, product_id, sales_volume, price_per_unit) VALUES ('2020-12-01', 3, 877, 32.22);
INSERT INTO sales (date, product_id, sales_volume, price_per_unit) VALUES ('2021-01-01', 3, 939, 32.13);
INSERT INTO sales (date, product_id, sales_volume, price_per_unit) VALUES ('2021-02-01', 3, 956, 31.85);
INSERT INTO sales (date, product_id, sales_volume, price_per_unit) VALUES ('2021-03-01', 3, 879, 31.39);
INSERT INTO sales (date, product_id, sales_volume, price_per_unit) VALUES ('2021-04-01', 3, 906, 32.27);
INSERT INTO sales (date, product_id, sales_volume, price_per_unit) VALUES ('2021-05-01', 3, 903, 27.41);
INSERT INTO sales (date, product_id, sales_volume, price_per_unit) VALUES ('2021-06-01', 3, 900, 30.41);
INSERT INTO sales (date, product_id, sales_volume, price_per_unit) VALUES ('2021-07-01', 3, 807, 31.05);
INSERT INTO sales (date, product_id, sales_volume, price_per_unit) VALUES ('2021-08-01', 3, 840, 28.81);
INSERT INTO sales (date, product_id, sales_volume, price_per_unit) VALUES ('2021-09-01', 3, 781, 27.76);
INSERT INTO sales (date, product_id, sales_volume, price_per_unit) VALUES ('2021-10-01', 3, 791, 28.37);
INSERT INTO sales (date, product_id, sales_volume, price_per_unit) VALUES ('2021-11-01', 3, 897, 23.59);
INSERT INTO sales (date, product_id, sales_volume, price_per_unit) VALUES ('2021-12-01', 3, 941, 31.68);
INSERT INTO sales (date, product_id, sales_volume, price_per_unit) VALUES ('2022-01-01', 3, 891, 33.89);
INSERT INTO sales (date, product_id, sales_volume, price_per_unit) VALUES ('2022-02-01', 3, 963, 30.02);
INSERT INTO sales (date, product_id, sales_volume, price_per_unit) VALUES ('2022-03-01', 3, 943, 29.67);
INSERT INTO sales (date, product_id, sales_volume, price_per_unit) VALUES ('2022-04-01', 3, 904, 29.31);
INSERT INTO sales (date, product_id, sales_volume, price_per_unit) VALUES ('2022-05-01', 3, 932, 28.57);
INSERT INTO sales (date, product_id, sales_volume, price_per_unit) VALUES ('2022-06-01', 3, 817, 30.14);
INSERT INTO sales (date, product_id, sales_volume, price_per_unit) VALUES ('2022-07-01', 3, 888, 29.64);
INSERT INTO sales (date, product_id, sales_volume, price_per_unit) VALUES ('2022-08-01', 3, 804, 30.09);
INSERT INTO sales (date, product_id, sales_volume, price_per_unit) VALUES ('2022-09-01', 3, 816, 32.39);
INSERT INTO sales (date, product_id, sales_volume, price_per_unit) VALUES ('2022-10-01', 3, 839, 29.35);
INSERT INTO sales (date, product_id, sales_volume, price_per_unit) VALUES ('2022-11-01', 3, 930, 29.83);
INSERT INTO sales (date, product_id, sales_volume, price_per_unit) VALUES ('2022-12-01', 3, 893, 32.06);
INSERT INTO sales (date, product_id, sales_volume, price_per_unit) VALUES ('2023-01-01', 3, 928, 29.15);
INSERT INTO sales (date, product_id, sales_volume, price_per_unit) VALUES ('2023-02-01', 3, 921, 33.36);
INSERT INTO sales (date, product_id, sales_volume, price_per_unit) VALUES ('2023-03-01', 3, 1011, 28.54);
INSERT INTO sales (date, product_id, sales_volume, price_per_unit) VALUES ('2023-04-01', 3, 907, 35.33);
INSERT INTO sales (date, product_id, sales_volume, price_per_unit) VALUES ('2023-05-01', 3, 917, 28.24);
INSERT INTO sales (date, product_id, sales_volume, price_per_unit) VALUES ('2023-06-01', 3, 911, 33.62);
INSERT INTO sales (date, product_id, sales_volume, price_per_unit) VALUES ('2023-07-01', 3, 829, 26.63);
INSERT INTO sales (date, product_id, sales_volume, price_per_unit) VALUES ('2023-08-01', 3, 902, 34.28);
INSERT INTO sales (date, product_id, sales_volume, price_per_unit) VALUES ('2023-09-01', 3, 839, 30.75);
INSERT INTO sales (date, product_id, sales_volume, price_per_unit) VALUES ('2023-10-01', 3, 847, 32.43);
INSERT INTO sales (date, product_id, sales_volume, price_per_unit) VALUES ('2023-11-01', 3, 900, 32.48);
INSERT INTO sales (date, product_id, sales_volume, price_per_unit) VALUES ('2023-12-01', 3, 1030, 31.5);
INSERT INTO sales (date, product_id, sales_volume, price_per_unit) VALUES ('2020-01-01', 4, 935, 46.21);
INSERT INTO sales (date, product_id, sales_volume, price_per_unit) VALUES ('2020-02-01', 4, 874, 44.96);
INSERT INTO sales (date, product_id, sales_volume, price_per_unit) VALUES ('2020-03-01', 4, 921, 45.21);
INSERT INTO sales (date, product_id, sales_volume, price_per_unit) VALUES ('2020-04-01', 4, 938, 44.56);
INSERT INTO sales (date, product_id, sales_volume, price_per_unit) VALUES ('2020-05-01', 4, 886, 44.79);
INSERT INTO sales (date, product_id, sales_volume, price_per_unit) VALUES ('2020-06-01', 4, 840, 45.83);
INSERT INTO sales (date, product_id, sales_volume, price_per_unit) VALUES ('2020-07-01', 4, 830, 42.58);
INSERT INTO sales (date, product_id, sales_volume, price_per_unit) VALUES ('2020-08-01', 4, 886, 42.97);
INSERT INTO sales (date, product_id, sales_volume, price_per_unit) VALUES ('2020-09-01', 4, 857, 44.72);
INSERT INTO sales (date, product_id, sales_volume, price_per_unit) VALUES ('2020-10-01', 4, 836, 41.22);
INSERT INTO sales (date, product_id, sales_volume, price_per_unit) VALUES ('2020-11-01', 4, 907, 45.16);
INSERT INTO sales (date, product_id, sales_volume, price_per_unit) VALUES ('2020-12-01', 4, 886, 41.64);
INSERT INTO sales (date, product_id, sales_volume, price_per_unit) VALUES ('2021-01-01', 4, 974, 45.05);
INSERT INTO sales (date, product_id, sales_volume, price_per_unit) VALUES ('2021-02-01', 4, 968, 43.18);
INSERT INTO sales (date, product_id, sales_volume, price_per_unit) VALUES ('2021-03-01', 4, 890, 43.91);
INSERT INTO sales (date, product_id, sales_volume, price_per_unit) VALUES ('2021-04-01', 4, 933, 44.74);
INSERT INTO sales (date, product_id, sales_volume, price_per_unit) VALUES ('2021-05-01', 4, 931, 46.01);
INSERT INTO sales (date, product_id, sales_volume, price_per_unit) VALUES ('2021-06-01', 4, 914, 41.12);
INSERT INTO sales (date, product_id, sales_volume, price_per_unit) VALUES ('2021-07-01', 4, 823, 43.53);
INSERT INTO sales (date, product_id, sales_volume, price_per_unit) VALUES ('2021-08-01', 4, 868, 40.85);
INSERT INTO sales (date, product_id, sales_volume, price_per_unit) VALUES ('2021-09-01', 4, 884, 46.0);
INSERT INTO sales (date, product_id, sales_volume, price_per_unit) VALUES ('2021-10-01', 4, 932, 43.89);
INSERT INTO sales (date, product_id, sales_volume, price_per_unit) VALUES ('2021-11-01', 4, 908, 43.11);
INSERT INTO sales (date, product_id, sales_volume, price_per_unit) VALUES ('2021-12-01', 4, 955, 40.79);
INSERT INTO sales (date, product_id, sales_volume, price_per_unit) VALUES ('2022-01-01', 4, 988, 42.28);
INSERT INTO sales (date, product_id, sales_volume, price_per_unit) VALUES ('2022-02-01', 4, 987, 43.58);
INSERT INTO sales (date, product_id, sales_volume, price_per_unit) VALUES ('2022-03-01', 4, 924, 42.13);
INSERT INTO sales (date, product_id, sales_volume, price_per_unit) VALUES ('2022-04-01', 4, 927, 45.71);
INSERT INTO sales (date, product_id, sales_volume, price_per_unit) VALUES ('2022-05-01', 4, 946, 39.84);
INSERT INTO sales (date, product_id, sales_volume, price_per_unit) VALUES ('2022-06-01', 4, 898, 45.32);
INSERT INTO sales (date, product_id, sales_volume, price_per_unit) VALUES ('2022-07-01', 4, 847, 42.47);
INSERT INTO sales (date, product_id, sales_volume, price_per_unit) VALUES ('2022-08-01', 4, 867, 46.4);
INSERT INTO sales (date, product_id, sales_volume, price_per_unit) VALUES ('2022-09-01', 4, 865, 46.41);
INSERT INTO sales (date, product_id, sales_volume, price_per_unit) VALUES ('2022-10-01', 4, 867, 45.21);
INSERT INTO sales (date, product_id, sales_volume, price_per_unit) VALUES ('2022-11-01', 4, 936, 43.09);
INSERT INTO sales (date, product_id, sales_volume, price_per_unit) VALUES ('2022-12-01', 4, 924, 44.46);
INSERT INTO sales (date, product_id, sales_volume, price_per_unit) VALUES ('2023-01-01', 4, 956, 44.79);
INSERT INTO sales (date, product_id, sales_volume, price_per_unit) VALUES ('2023-02-01', 4, 1078, 45.5);
INSERT INTO sales (date, product_id, sales_volume, price_per_unit) VALUES ('2023-03-01', 4, 836, 41.68);
INSERT INTO sales (date, product_id, sales_volume, price_per_unit) VALUES ('2023-04-01', 4, 891, 43.23);
INSERT INTO sales (date, product_id, sales_volume, price_per_unit) VALUES ('2023-05-01', 4, 926, 45.51);
INSERT INTO sales (date, product_id, sales_volume, price_per_unit) VALUES ('2023-06-01', 4, 911, 45.06);
INSERT INTO sales (date, product_id, sales_volume, price_per_unit) VALUES ('2023-07-01', 4, 926, 44.49);
INSERT INTO sales (date, product_id, sales_volume, price_per_unit) VALUES ('2023-08-01', 4, 948, 43.78);
INSERT INTO sales (date, product_id, sales_volume, price_per_unit) VALUES ('2023-09-01', 4, 917, 43.02);
INSERT INTO sales (date, product_id, sales_volume, price_per_unit) VALUES ('2023-10-01', 4, 947, 42.27);
INSERT INTO sales (date, product_id, sales_volume, price_per_unit) VALUES ('2023-11-01', 4, 990, 45.59);
INSERT INTO sales (date, product_id, sales_volume, price_per_unit) VALUES ('2023-12-01', 4, 926, 46.77);
INSERT INTO sales (date, product_id, sales_volume, price_per_unit) VALUES ('2020-01-01', 5, 731, 66.84);
INSERT INTO sales (date, product_id, sales_volume, price_per_unit) VALUES ('2020-02-01', 5, 773, 67.41);
INSERT INTO sales (date, product_id, sales_volume, price_per_unit) VALUES ('2020-03-01', 5, 756, 73.8);
INSERT INTO sales (date, product_id, sales_volume, price_per_unit) VALUES ('2020-04-01', 5, 717, 70.11);
INSERT INTO sales (date, product_id, sales_volume, price_per_unit) VALUES ('2020-05-01', 5, 663, 70.23);
INSERT INTO sales (date, product_id, sales_volume, price_per_unit) VALUES ('2020-06-01', 5, 710, 70.87);
INSERT INTO sales (date, product_id, sales_volume, price_per_unit) VALUES ('2020-07-01', 5, 629, 70.26);
INSERT INTO sales (date, product_id, sales_volume, price_per_unit) VALUES ('2020-08-01', 5, 627, 71.95);
INSERT INTO sales (date, product_id, sales_volume, price_per_unit) VALUES ('2020-09-01', 5, 646, 68.88);
INSERT INTO sales (date, product_id, sales_volume, price_per_unit) VALUES ('2020-10-01', 5, 699, 71.17);
INSERT INTO sales (date, product_id, sales_volume, price_per_unit) VALUES ('2020-11-01', 5, 716, 70.94);
INSERT INTO sales (date, product_id, sales_volume, price_per_unit) VALUES ('2020-12-01', 5, 750, 64.26);
INSERT INTO sales (date, product_id, sales_volume, price_per_unit) VALUES ('2021-01-01', 5, 726, 69.83);
INSERT INTO sales (date, product_id, sales_volume, price_per_unit) VALUES ('2021-02-01', 5, 731, 71.66);
INSERT INTO sales (date, product_id, sales_volume, price_per_unit) VALUES ('2021-03-01', 5, 761, 67.52);
INSERT INTO sales (date, product_id, sales_volume, price_per_unit) VALUES ('2021-04-01', 5, 709, 67.23);
INSERT INTO sales (date, product_id, sales_volume, price_per_unit) VALUES ('2021-05-01', 5, 788, 69.57);
INSERT INTO sales (date, product_id, sales_volume, price_per_unit) VALUES ('2021-06-01', 5, 667, 68.89);
INSERT INTO sales (date, product_id, sales_volume, price_per_unit) VALUES ('2021-07-01', 5, 596, 70.91);
INSERT INTO sales (date, product_id, sales_volume, price_per_unit) VALUES ('2021-08-01', 5, 714, 72.36);
INSERT INTO sales (date, product_id, sales_volume, price_per_unit) VALUES ('2021-09-01', 5, 733, 70.83);
INSERT INTO sales (date, product_id, sales_volume, price_per_unit) VALUES ('2021-10-01', 5, 737, 68.64);
INSERT INTO sales (date, product_id, sales_volume, price_per_unit) VALUES ('2021-11-01', 5, 797, 66.48);
INSERT INTO sales (date, product_id, sales_volume, price_per_unit) VALUES ('2021-12-01', 5, 770, 69.93);
INSERT INTO sales (date, product_id, sales_volume, price_per_unit) VALUES ('2022-01-01', 5, 756, 68.37);
INSERT INTO sales (date, product_id, sales_volume, price_per_unit) VALUES ('2022-02-01', 5, 772, 68.87);
INSERT INTO sales (date, product_id, sales_volume, price_per_unit) VALUES ('2022-03-01', 5, 778, 70.9);
INSERT INTO sales (date, product_id, sales_volume, price_per_unit) VALUES ('2022-04-01', 5, 703, 70.62);
INSERT INTO sales (date, product_id, sales_volume, price_per_unit) VALUES ('2022-05-01', 5, 703, 72.53);
INSERT INTO sales (date, product_id, sales_volume, price_per_unit) VALUES ('2022-06-01', 5, 759, 69.19);
INSERT INTO sales (date, product_id, sales_volume, price_per_unit) VALUES ('2022-07-01', 5, 720, 71.29);
INSERT INTO sales (date, product_id, sales_volume, price_per_unit) VALUES ('2022-08-01', 5, 671, 70.24);
INSERT INTO sales (date, product_id, sales_volume, price_per_unit) VALUES ('2022-09-01', 5, 729, 70.4);
INSERT INTO sales (date, product_id, sales_volume, price_per_unit) VALUES ('2022-10-01', 5, 751, 68.76);
INSERT INTO sales (date, product_id, sales_volume, price_per_unit) VALUES ('2022-11-01', 5, 679, 68.72);
INSERT INTO sales (date, product_id, sales_volume, price_per_unit) VALUES ('2022-12-01', 5, 767, 67.82);
INSERT INTO sales (date, product_id, sales_volume, price_per_unit) VALUES ('2023-01-01', 5, 783, 68.11);
INSERT INTO sales (date, product_id, sales_volume, price_per_unit) VALUES ('2023-02-01', 5, 853, 65.91);
INSERT INTO sales (date, product_id, sales_volume, price_per_unit) VALUES ('2023-03-01', 5, 824, 69.06);
INSERT INTO sales (date, product_id, sales_volume, price_per_unit) VALUES ('2023-04-01', 5, 760, 70.79);
INSERT INTO sales (date, product_id, sales_volume, price_per_unit) VALUES ('2023-05-01', 5, 757, 68.03);
INSERT INTO sales (date, product_id, sales_volume, price_per_unit) VALUES ('2023-06-01', 5, 742, 70.41);
INSERT INTO sales (date, product_id, sales_volume, price_per_unit) VALUES ('2023-07-01', 5, 776, 68.48);
INSERT INTO sales (date, product_id, sales_volume, price_per_unit) VALUES ('2023-08-01', 5, 709, 68.35);
INSERT INTO sales (date, product_id, sales_volume, price_per_unit) VALUES ('2023-09-01', 5, 711, 69.42);
INSERT INTO sales (date, product_id, sales_volume, price_per_unit) VALUES ('2023-10-01', 5, 700, 72.05);
INSERT INTO sales (date, product_id, sales_volume, price_per_unit) VALUES ('2023-11-01', 5, 788, 69.64);
INSERT INTO sales (date, product_id, sales_volume, price_per_unit) VALUES ('2023-12-01', 5, 824, 65.81);
INSERT INTO sales (date, product_id, sales_volume, price_per_unit) VALUES ('2020-01-01', 6, 782, 49.76);
INSERT INTO sales (date, product_id, sales_volume, price_per_unit) VALUES ('2020-02-01', 6, 705, 45.92);
INSERT INTO sales (date, product_id, sales_volume, price_per_unit) VALUES ('2020-03-01', 6, 690, 47.89);
INSERT INTO sales (date, product_id, sales_volume, price_per_unit) VALUES ('2020-04-01', 6, 762, 50.95);
INSERT INTO sales (date, product_id, sales_volume, price_per_unit) VALUES ('2020-05-01', 6, 635, 51.46);
INSERT INTO sales (date, product_id, sales_volume, price_per_unit) VALUES ('2020-06-01', 6, 733, 47.9);
INSERT INTO sales (date, product_id, sales_volume, price_per_unit) VALUES ('2020-07-01', 6, 680, 47.23);
INSERT INTO sales (date, product_id, sales_volume, price_per_unit) VALUES ('2020-08-01', 6, 666, 46.46);
INSERT INTO sales (date, product_id, sales_volume, price_per_unit) VALUES ('2020-09-01', 6, 607, 46.97);
INSERT INTO sales (date, product_id, sales_volume, price_per_unit) VALUES ('2020-10-01', 6, 695, 44.51);
INSERT INTO sales (date, product_id, sales_volume, price_per_unit) VALUES ('2020-11-01', 6, 685, 45.42);
INSERT INTO sales (date, product_id, sales_volume, price_per_unit) VALUES ('2020-12-01', 6, 744, 50.49);
INSERT INTO sales (date, product_id, sales_volume, price_per_unit) VALUES ('2021-01-01', 6, 733, 49.21);
INSERT INTO sales (date, product_id, sales_volume, price_per_unit) VALUES ('2021-02-01', 6, 748, 45.36);
INSERT INTO sales (date, product_id, sales_volume, price_per_unit) VALUES ('2021-03-01', 6, 739, 48.46);
INSERT INTO sales (date, product_id, sales_volume, price_per_unit) VALUES ('2021-04-01', 6, 721, 50.83);
INSERT INTO sales (date, product_id, sales_volume, price_per_unit) VALUES ('2021-05-01', 6, 719, 46.26);
INSERT INTO sales (date, product_id, sales_volume, price_per_unit) VALUES ('2021-06-01', 6, 721, 49.62);
INSERT INTO sales (date, product_id, sales_volume, price_per_unit) VALUES ('2021-07-01', 6, 685, 46.3);
INSERT INTO sales (date, product_id, sales_volume, price_per_unit) VALUES ('2021-08-01', 6, 631, 47.44);
INSERT INTO sales (date, product_id, sales_volume, price_per_unit) VALUES ('2021-09-01', 6, 694, 47.59);
INSERT INTO sales (date, product_id, sales_volume, price_per_unit) VALUES ('2021-10-01', 6, 677, 48.27);
INSERT INTO sales (date, product_id, sales_volume, price_per_unit) VALUES ('2021-11-01', 6, 715, 47.06);
INSERT INTO sales (date, product_id, sales_volume, price_per_unit) VALUES ('2021-12-01', 6, 738, 48.91);
INSERT INTO sales (date, product_id, sales_volume, price_per_unit) VALUES ('2022-01-01', 6, 767, 50.85);
INSERT INTO sales (date, product_id, sales_volume, price_per_unit) VALUES ('2022-02-01', 6, 721, 49.02);
INSERT INTO sales (date, product_id, sales_volume, price_per_unit) VALUES ('2022-03-01', 6, 758, 47.97);
INSERT INTO sales (date, product_id, sales_volume, price_per_unit) VALUES ('2022-04-01', 6, 721, 47.28);
INSERT INTO sales (date, product_id, sales_volume, price_per_unit) VALUES ('2022-05-01', 6, 727, 48.15);
INSERT INTO sales (date, product_id, sales_volume, price_per_unit) VALUES ('2022-06-01', 6, 713, 48.7);
INSERT INTO sales (date, product_id, sales_volume, price_per_unit) VALUES ('2022-07-01', 6, 674, 48.45);
INSERT INTO sales (date, product_id, sales_volume, price_per_unit) VALUES ('2022-08-01', 6, 641, 47.85);
INSERT INTO sales (date, product_id, sales_volume, price_per_unit) VALUES ('2022-09-01', 6, 659, 50.18);
INSERT INTO sales (date, product_id, sales_volume, price_per_unit) VALUES ('2022-10-01', 6, 661, 46.89);
INSERT INTO sales (date, product_id, sales_volume, price_per_unit) VALUES ('2022-11-01', 6, 686, 50.71);
INSERT INTO sales (date, product_id, sales_volume, price_per_unit) VALUES ('2022-12-01', 6, 799, 49.33);
INSERT INTO sales (date, product_id, sales_volume, price_per_unit) VALUES ('2023-01-01', 6, 807, 49.04);
INSERT INTO sales (date, product_id, sales_volume, price_per_unit) VALUES ('2023-02-01', 6, 759, 48.99);
INSERT INTO sales (date, product_id, sales_volume, price_per_unit) VALUES ('2023-03-01', 6, 807, 49.62);
INSERT INTO sales (date, product_id, sales_volume, price_per_unit) VALUES ('2023-04-01', 6, 762, 47.26);
INSERT INTO sales (date, product_id, sales_volume, price_per_unit) VALUES ('2023-05-01', 6, 711, 46.27);
INSERT INTO sales (date, product_id, sales_volume, price_per_unit) VALUES ('2023-06-01', 6, 739, 46.16);
INSERT INTO sales (date, product_id, sales_volume, price_per_unit) VALUES ('2023-07-01', 6, 673, 50.78);
INSERT INTO sales (date, product_id, sales_volume, price_per_unit) VALUES ('2023-08-01', 6, 630, 47.1);
INSERT INTO sales (date, product_id, sales_volume, price_per_unit) VALUES ('2023-09-01', 6, 723, 50.71);
INSERT INTO sales (date, product_id, sales_volume, price_per_unit) VALUES ('2023-10-01', 6, 738, 46.62);
INSERT INTO sales (date, product_id, sales_volume, price_per_unit) VALUES ('2023-11-01', 6, 753, 47.97);
INSERT INTO sales (date, product_id, sales_volume, price_per_unit) VALUES ('2023-12-01', 6, 763, 47.28);
INSERT INTO sales (date, product_id, sales_volume, price_per_unit) VALUES ('2020-01-01', 7, 647, 54.45);
INSERT INTO sales (date, product_id, sales_volume, price_per_unit) VALUES ('2020-02-01', 7, 662, 59.65);
INSERT INTO sales (date, product_id, sales_volume, price_per_unit) VALUES ('2020-03-01', 7, 650, 55.07);
INSERT INTO sales (date, product_id, sales_volume, price_per_unit) VALUES ('2020-04-01', 7, 561, 56.13);
INSERT INTO sales (date, product_id, sales_volume, price_per_unit) VALUES ('2020-05-01', 7, 587, 56.21);
INSERT INTO sales (date, product_id, sales_volume, price_per_unit) VALUES ('2020-06-01', 7, 527, 60.54);
INSERT INTO sales (date, product_id, sales_volume, price_per_unit) VALUES ('2020-07-01', 7, 552, 55.48);
INSERT INTO sales (date, product_id, sales_volume, price_per_unit) VALUES ('2020-08-01', 7, 540, 56.86);
INSERT INTO sales (date, product_id, sales_volume, price_per_unit) VALUES ('2020-09-01', 7, 532, 52.37);
INSERT INTO sales (date, product_id, sales_volume, price_per_unit) VALUES ('2020-10-01', 7, 530, 61.39);
INSERT INTO sales (date, product_id, sales_volume, price_per_unit) VALUES ('2020-11-01', 7, 538, 59.25);
INSERT INTO sales (date, product_id, sales_volume, price_per_unit) VALUES ('2020-12-01', 7, 609, 59.71);
INSERT INTO sales (date, product_id, sales_volume, price_per_unit) VALUES ('2021-01-01', 7, 645, 57.31);
INSERT INTO sales (date, product_id, sales_volume, price_per_unit) VALUES ('2021-02-01', 7, 582, 57.95);
INSERT INTO sales (date, product_id, sales_volume, price_per_unit) VALUES ('2021-03-01', 7, 616, 55.62);
INSERT INTO sales (date, product_id, sales_volume, price_per_unit) VALUES ('2021-04-01', 7, 550, 60.32);
INSERT INTO sales (date, product_id, sales_volume, price_per_unit) VALUES ('2021-05-01', 7, 554, 55.54);
INSERT INTO sales (date, product_id, sales_volume, price_per_unit) VALUES ('2021-06-01', 7, 527, 54.38);
INSERT INTO sales (date, product_id, sales_volume, price_per_unit) VALUES ('2021-07-01', 7, 546, 55.44);
INSERT INTO sales (date, product_id, sales_volume, price_per_unit) VALUES ('2021-08-01', 7, 560, 58.29);
INSERT INTO sales (date, product_id, sales_volume, price_per_unit) VALUES ('2021-09-01', 7, 556, 56.33);
INSERT INTO sales (date, product_id, sales_volume, price_per_unit) VALUES ('2021-10-01', 7, 539, 52.9);
INSERT INTO sales (date, product_id, sales_volume, price_per_unit) VALUES ('2021-11-01', 7, 578, 54.09);
INSERT INTO sales (date, product_id, sales_volume, price_per_unit) VALUES ('2021-12-01', 7, 523, 59.51);
INSERT INTO sales (date, product_id, sales_volume, price_per_unit) VALUES ('2022-01-01', 7, 637, 55.68);
INSERT INTO sales (date, product_id, sales_volume, price_per_unit) VALUES ('2022-02-01', 7, 648, 57.83);
INSERT INTO sales (date, product_id, sales_volume, price_per_unit) VALUES ('2022-03-01', 7, 582, 60.1);
INSERT INTO sales (date, product_id, sales_volume, price_per_unit) VALUES ('2022-04-01', 7, 610, 54.1);
INSERT INTO sales (date, product_id, sales_volume, price_per_unit) VALUES ('2022-05-01', 7, 569, 60.15);
INSERT INTO sales (date, product_id, sales_volume, price_per_unit) VALUES ('2022-06-01', 7, 612, 57.42);
INSERT INTO sales (date, product_id, sales_volume, price_per_unit) VALUES ('2022-07-01', 7, 533, 55.71);
INSERT INTO sales (date, product_id, sales_volume, price_per_unit) VALUES ('2022-08-01', 7, 576, 53.1);
INSERT INTO sales (date, product_id, sales_volume, price_per_unit) VALUES ('2022-09-01', 7, 512, 59.19);
INSERT INTO sales (date, product_id, sales_volume, price_per_unit) VALUES ('2022-10-01', 7, 575, 58.2);
INSERT INTO sales (date, product_id, sales_volume, price_per_unit) VALUES ('2022-11-01', 7, 626, 57.99);
INSERT INTO sales (date, product_id, sales_volume, price_per_unit) VALUES ('2022-12-01', 7, 616, 58.95);
INSERT INTO sales (date, product_id, sales_volume, price_per_unit) VALUES ('2023-01-01', 7, 653, 57.74);
INSERT INTO sales (date, product_id, sales_volume, price_per_unit) VALUES ('2023-02-01', 7, 669, 57.37);
INSERT INTO sales (date, product_id, sales_volume, price_per_unit) VALUES ('2023-03-01', 7, 640, 59.45);
INSERT INTO sales (date, product_id, sales_volume, price_per_unit) VALUES ('2023-04-01', 7, 691, 60.75);
INSERT INTO sales (date, product_id, sales_volume, price_per_unit) VALUES ('2023-05-01', 7, 587, 56.31);
INSERT INTO sales (date, product_id, sales_volume, price_per_unit) VALUES ('2023-06-01', 7, 613, 55.14);
INSERT INTO sales (date, product_id, sales_volume, price_per_unit) VALUES ('2023-07-01', 7, 623, 52.45);
INSERT INTO sales (date, product_id, sales_volume, price_per_unit) VALUES ('2023-08-01', 7, 575, 56.88);
INSERT INTO sales (date, product_id, sales_volume, price_per_unit) VALUES ('2023-09-01', 7, 583, 56.52);
INSERT INTO sales (date, product_id, sales_volume, price_per_unit) VALUES ('2023-10-01', 7, 660, 61.53);
INSERT INTO sales (date, product_id, sales_volume, price_per_unit) VALUES ('2023-11-01', 7, 583, 58.02);
INSERT INTO sales (date, product_id, sales_volume, price_per_unit) VALUES ('2023-12-01', 7, 643, 55.79);
INSERT INTO sales (date, product_id, sales_volume, price_per_unit) VALUES ('2020-01-01', 8, 754, 67.22);
INSERT INTO sales (date, product_id, sales_volume, price_per_unit) VALUES ('2020-02-01', 8, 725, 72.62);
INSERT INTO sales (date, product_id, sales_volume, price_per_unit) VALUES ('2020-03-01', 8, 772, 71.58);
INSERT INTO sales (date, product_id, sales_volume, price_per_unit) VALUES ('2020-04-01', 8, 719, 71.03);
INSERT INTO sales (date, product_id, sales_volume, price_per_unit) VALUES ('2020-05-01', 8, 693, 71.55);
INSERT INTO sales (date, product_id, sales_volume, price_per_unit) VALUES ('2020-06-01', 8, 719, 67.94);
INSERT INTO sales (date, product_id, sales_volume, price_per_unit) VALUES ('2020-07-01', 8, 678, 70.78);
INSERT INTO sales (date, product_id, sales_volume, price_per_unit) VALUES ('2020-08-01', 8, 634, 72.2);
INSERT INTO sales (date, product_id, sales_volume, price_per_unit) VALUES ('2020-09-01', 8, 638, 70.13);
INSERT INTO sales (date, product_id, sales_volume, price_per_unit) VALUES ('2020-10-01', 8, 663, 72.24);
INSERT INTO sales (date, product_id, sales_volume, price_per_unit) VALUES ('2020-11-01', 8, 692, 66.09);
INSERT INTO sales (date, product_id, sales_volume, price_per_unit) VALUES ('2020-12-01', 8, 680, 70.68);
INSERT INTO sales (date, product_id, sales_volume, price_per_unit) VALUES ('2021-01-01', 8, 736, 72.31);
INSERT INTO sales (date, product_id, sales_volume, price_per_unit) VALUES ('2021-02-01', 8, 765, 71.13);
INSERT INTO sales (date, product_id, sales_volume, price_per_unit) VALUES ('2021-03-01', 8, 772, 75.2);
INSERT INTO sales (date, product_id, sales_volume, price_per_unit) VALUES ('2021-04-01', 8, 751, 74.52);
INSERT INTO sales (date, product_id, sales_volume, price_per_unit) VALUES ('2021-05-01', 8, 676, 70.82);
INSERT INTO sales (date, product_id, sales_volume, price_per_unit) VALUES ('2021-06-01', 8, 653, 68.23);
INSERT INTO sales (date, product_id, sales_volume, price_per_unit) VALUES ('2021-07-01', 8, 643, 69.59);
INSERT INTO sales (date, product_id, sales_volume, price_per_unit) VALUES ('2021-08-01', 8, 665, 69.32);
INSERT INTO sales (date, product_id, sales_volume, price_per_unit) VALUES ('2021-09-01', 8, 670, 70.82);
INSERT INTO sales (date, product_id, sales_volume, price_per_unit) VALUES ('2021-10-01', 8, 684, 71.42);
INSERT INTO sales (date, product_id, sales_volume, price_per_unit) VALUES ('2021-11-01', 8, 701, 69.37);
INSERT INTO sales (date, product_id, sales_volume, price_per_unit) VALUES ('2021-12-01', 8, 773, 69.34);
INSERT INTO sales (date, product_id, sales_volume, price_per_unit) VALUES ('2022-01-01', 8, 782, 67.79);
INSERT INTO sales (date, product_id, sales_volume, price_per_unit) VALUES ('2022-02-01', 8, 780, 71.06);
INSERT INTO sales (date, product_id, sales_volume, price_per_unit) VALUES ('2022-03-01', 8, 725, 71.5);
INSERT INTO sales (date, product_id, sales_volume, price_per_unit) VALUES ('2022-04-01', 8, 758, 69.65);
INSERT INTO sales (date, product_id, sales_volume, price_per_unit) VALUES ('2022-05-01', 8, 693, 74.23);
INSERT INTO sales (date, product_id, sales_volume, price_per_unit) VALUES ('2022-06-01', 8, 661, 68.52);
INSERT INTO sales (date, product_id, sales_volume, price_per_unit) VALUES ('2022-07-01', 8, 728, 70.86);
INSERT INTO sales (date, product_id, sales_volume, price_per_unit) VALUES ('2022-08-01', 8, 734, 70.33);
INSERT INTO sales (date, product_id, sales_volume, price_per_unit) VALUES ('2022-09-01', 8, 688, 68.38);
INSERT INTO sales (date, product_id, sales_volume, price_per_unit) VALUES ('2022-10-01', 8, 695, 74.2);
INSERT INTO sales (date, product_id, sales_volume, price_per_unit) VALUES ('2022-11-01', 8, 718, 70.19);
INSERT INTO sales (date, product_id, sales_volume, price_per_unit) VALUES ('2022-12-01', 8, 734, 70.07);
INSERT INTO sales (date, product_id, sales_volume, price_per_unit) VALUES ('2023-01-01', 8, 766, 71.89);
INSERT INTO sales (date, product_id, sales_volume, price_per_unit) VALUES ('2023-02-01', 8, 738, 71.31);
INSERT INTO sales (date, product_id, sales_volume, price_per_unit) VALUES ('2023-03-01', 8, 773, 72.12);
INSERT INTO sales (date, product_id, sales_volume, price_per_unit) VALUES ('2023-04-01', 8, 745, 73.44);
INSERT INTO sales (date, product_id, sales_volume, price_per_unit) VALUES ('2023-05-01', 8, 759, 69.41);
INSERT INTO sales (date, product_id, sales_volume, price_per_unit) VALUES ('2023-06-01', 8, 759, 71.15);
INSERT INTO sales (date, product_id, sales_volume, price_per_unit) VALUES ('2023-07-01', 8, 650, 73.43);
INSERT INTO sales (date, product_id, sales_volume, price_per_unit) VALUES ('2023-08-01', 8, 659, 69.95);
INSERT INTO sales (date, product_id, sales_volume, price_per_unit) VALUES ('2023-09-01', 8, 720, 69.82);
INSERT INTO sales (date, product_id, sales_volume, price_per_unit) VALUES ('2023-10-01', 8, 696, 72.42);
INSERT INTO sales (date, product_id, sales_volume, price_per_unit) VALUES ('2023-11-01', 8, 856, 70.78);
INSERT INTO sales (date, product_id, sales_volume, price_per_unit) VALUES ('2023-12-01', 8, 755, 69.81);
INSERT INTO sales (date, product_id, sales_volume, price_per_unit) VALUES ('2020-01-01', 9, 563, 35.39);
INSERT INTO sales (date, product_id, sales_volume, price_per_unit) VALUES ('2020-02-01', 9, 562, 36.27);
INSERT INTO sales (date, product_id, sales_volume, price_per_unit) VALUES ('2020-03-01', 9, 557, 40.78);
INSERT INTO sales (date, product_id, sales_volume, price_per_unit) VALUES ('2020-04-01', 9, 523, 40.17);
INSERT INTO sales (date, product_id, sales_volume, price_per_unit) VALUES ('2020-05-01', 9, 518, 39.49);
INSERT INTO sales (date, product_id, sales_volume, price_per_unit) VALUES ('2020-06-01', 9, 443, 35.78);
INSERT INTO sales (date, product_id, sales_volume, price_per_unit) VALUES ('2020-07-01', 9, 476, 39.65);
INSERT INTO sales (date, product_id, sales_volume, price_per_unit) VALUES ('2020-08-01', 9, 514, 34.77);
INSERT INTO sales (date, product_id, sales_volume, price_per_unit) VALUES ('2020-09-01', 9, 480, 35.88);
INSERT INTO sales (date, product_id, sales_volume, price_per_unit) VALUES ('2020-10-01', 9, 459, 41.06);
INSERT INTO sales (date, product_id, sales_volume, price_per_unit) VALUES ('2020-11-01', 9, 518, 40.41);
INSERT INTO sales (date, product_id, sales_volume, price_per_unit) VALUES ('2020-12-01', 9, 491, 37.07);
INSERT INTO sales (date, product_id, sales_volume, price_per_unit) VALUES ('2021-01-01', 9, 509, 39.9);
INSERT INTO sales (date, product_id, sales_volume, price_per_unit) VALUES ('2021-02-01', 9, 606, 35.63);
INSERT INTO sales (date, product_id, sales_volume, price_per_unit) VALUES ('2021-03-01', 9, 563, 38.1);
INSERT INTO sales (date, product_id, sales_volume, price_per_unit) VALUES ('2021-04-01', 9, 524, 37.24);
INSERT INTO sales (date, product_id, sales_volume, price_per_unit) VALUES ('2021-05-01', 9, 558, 38.87);
INSERT INTO sales (date, product_id, sales_volume, price_per_unit) VALUES ('2021-06-01', 9, 548, 39.21);
INSERT INTO sales (date, product_id, sales_volume, price_per_unit) VALUES ('2021-07-01', 9, 507, 39.28);
INSERT INTO sales (date, product_id, sales_volume, price_per_unit) VALUES ('2021-08-01', 9, 486, 40.3);
INSERT INTO sales (date, product_id, sales_volume, price_per_unit) VALUES ('2021-09-01', 9, 460, 33.58);
INSERT INTO sales (date, product_id, sales_volume, price_per_unit) VALUES ('2021-10-01', 9, 551, 36.59);
INSERT INTO sales (date, product_id, sales_volume, price_per_unit) VALUES ('2021-11-01', 9, 509, 35.52);
INSERT INTO sales (date, product_id, sales_volume, price_per_unit) VALUES ('2021-12-01', 9, 566, 35.34);
INSERT INTO sales (date, product_id, sales_volume, price_per_unit) VALUES ('2022-01-01', 9, 506, 36.26);
INSERT INTO sales (date, product_id, sales_volume, price_per_unit) VALUES ('2022-02-01', 9, 529, 41.0);
INSERT INTO sales (date, product_id, sales_volume, price_per_unit) VALUES ('2022-03-01', 9, 602, 37.5);
INSERT INTO sales (date, product_id, sales_volume, price_per_unit) VALUES ('2022-04-01', 9, 613, 38.9);
INSERT INTO sales (date, product_id, sales_volume, price_per_unit) VALUES ('2022-05-01', 9, 570, 33.27);
INSERT INTO sales (date, product_id, sales_volume, price_per_unit) VALUES ('2022-06-01', 9, 507, 37.49);
INSERT INTO sales (date, product_id, sales_volume, price_per_unit) VALUES ('2022-07-01', 9, 460, 33.31);
INSERT INTO sales (date, product_id, sales_volume, price_per_unit) VALUES ('2022-08-01', 9, 493, 37.13);
INSERT INTO sales (date, product_id, sales_volume, price_per_unit) VALUES ('2022-09-01', 9, 527, 35.52);
INSERT INTO sales (date, product_id, sales_volume, price_per_unit) VALUES ('2022-10-01', 9, 576, 39.79);
INSERT INTO sales (date, product_id, sales_volume, price_per_unit) VALUES ('2022-11-01', 9, 484, 37.46);
INSERT INTO sales (date, product_id, sales_volume, price_per_unit) VALUES ('2022-12-01', 9, 532, 37.11);
INSERT INTO sales (date, product_id, sales_volume, price_per_unit) VALUES ('2023-01-01', 9, 592, 35.72);
INSERT INTO sales (date, product_id, sales_volume, price_per_unit) VALUES ('2023-02-01', 9, 578, 41.71);
INSERT INTO sales (date, product_id, sales_volume, price_per_unit) VALUES ('2023-03-01', 9, 536, 39.34);
INSERT INTO sales (date, product_id, sales_volume, price_per_unit) VALUES ('2023-04-01', 9, 640, 39.74);
INSERT INTO sales (date, product_id, sales_volume, price_per_unit) VALUES ('2023-05-01', 9, 502, 39.45);
INSERT INTO sales (date, product_id, sales_volume, price_per_unit) VALUES ('2023-06-01', 9, 535, 34.37);
INSERT INTO sales (date, product_id, sales_volume, price_per_unit) VALUES ('2023-07-01', 9, 528, 39.85);
INSERT INTO sales (date, product_id, sales_volume, price_per_unit) VALUES ('2023-08-01', 9, 451, 35.95);
INSERT INTO sales (date, product_id, sales_volume, price_per_unit) VALUES ('2023-09-01', 9, 491, 38.16);
INSERT INTO sales (date, product_id, sales_volume, price_per_unit) VALUES ('2023-10-01', 9, 539, 36.2);
INSERT INTO sales (date, product_id, sales_volume, price_per_unit) VALUES ('2023-11-01', 9, 559, 36.8);
INSERT INTO sales (date, product_id, sales_volume, price_per_unit) VALUES ('2023-12-01', 9, 505, 33.62);
INSERT INTO sales (date, product_id, sales_volume, price_per_unit) VALUES ('2020-01-01', 10, 783, 76.54);
INSERT INTO sales (date, product_id, sales_volume, price_per_unit) VALUES ('2020-02-01', 10, 835, 78.64);
INSERT INTO sales (date, product_id, sales_volume, price_per_unit) VALUES ('2020-03-01', 10, 825, 76.12);
INSERT INTO sales (date, product_id, sales_volume, price_per_unit) VALUES ('2020-04-01', 10, 773, 73.67);
INSERT INTO sales (date, product_id, sales_volume, price_per_unit) VALUES ('2020-05-01', 10, 760, 77.57);
INSERT INTO sales (date, product_id, sales_volume, price_per_unit) VALUES ('2020-06-01', 10, 770, 78.04);
INSERT INTO sales (date, product_id, sales_volume, price_per_unit) VALUES ('2020-07-01', 10, 745, 77.26);
INSERT INTO sales (date, product_id, sales_volume, price_per_unit) VALUES ('2020-08-01', 10, 737, 75.58);
INSERT INTO sales (date, product_id, sales_volume, price_per_unit) VALUES ('2020-09-01', 10, 821, 78.97);
INSERT INTO sales (date, product_id, sales_volume, price_per_unit) VALUES ('2020-10-01', 10, 741, 75.55);
INSERT INTO sales (date, product_id, sales_volume, price_per_unit) VALUES ('2020-11-01', 10, 783, 76.4);
INSERT INTO sales (date, product_id, sales_volume, price_per_unit) VALUES ('2020-12-01', 10, 769, 80.26);
INSERT INTO sales (date, product_id, sales_volume, price_per_unit) VALUES ('2021-01-01', 10, 830, 77.44);
INSERT INTO sales (date, product_id, sales_volume, price_per_unit) VALUES ('2021-02-01', 10, 852, 76.87);
INSERT INTO sales (date, product_id, sales_volume, price_per_unit) VALUES ('2021-03-01', 10, 832, 79.88);
INSERT INTO sales (date, product_id, sales_volume, price_per_unit) VALUES ('2021-04-01', 10, 836, 75.81);
INSERT INTO sales (date, product_id, sales_volume, price_per_unit) VALUES ('2021-05-01', 10, 835, 73.96);
INSERT INTO sales (date, product_id, sales_volume, price_per_unit) VALUES ('2021-06-01', 10, 785, 80.65);
INSERT INTO sales (date, product_id, sales_volume, price_per_unit) VALUES ('2021-07-01', 10, 815, 77.34);
INSERT INTO sales (date, product_id, sales_volume, price_per_unit) VALUES ('2021-08-01', 10, 745, 75.02);
INSERT INTO sales (date, product_id, sales_volume, price_per_unit) VALUES ('2021-09-01', 10, 737, 75.46);
INSERT INTO sales (date, product_id, sales_volume, price_per_unit) VALUES ('2021-10-01', 10, 819, 79.46);
INSERT INTO sales (date, product_id, sales_volume, price_per_unit) VALUES ('2021-11-01', 10, 815, 77.53);
INSERT INTO sales (date, product_id, sales_volume, price_per_unit) VALUES ('2021-12-01', 10, 865, 76.19);
INSERT INTO sales (date, product_id, sales_volume, price_per_unit) VALUES ('2022-01-01', 10, 826, 76.18);
INSERT INTO sales (date, product_id, sales_volume, price_per_unit) VALUES ('2022-02-01', 10, 892, 78.03);
INSERT INTO sales (date, product_id, sales_volume, price_per_unit) VALUES ('2022-03-01', 10, 879, 75.91);
INSERT INTO sales (date, product_id, sales_volume, price_per_unit) VALUES ('2022-04-01', 10, 781, 79.03);
INSERT INTO sales (date, product_id, sales_volume, price_per_unit) VALUES ('2022-05-01', 10, 809, 74.05);
INSERT INTO sales (date, product_id, sales_volume, price_per_unit) VALUES ('2022-06-01', 10, 761, 78.66);
INSERT INTO sales (date, product_id, sales_volume, price_per_unit) VALUES ('2022-07-01', 10, 728, 78.23);
INSERT INTO sales (date, product_id, sales_volume, price_per_unit) VALUES ('2022-08-01', 10, 789, 75.11);
INSERT INTO sales (date, product_id, sales_volume, price_per_unit) VALUES ('2022-09-01', 10, 806, 73.84);
INSERT INTO sales (date, product_id, sales_volume, price_per_unit) VALUES ('2022-10-01', 10, 833, 75.28);
INSERT INTO sales (date, product_id, sales_volume, price_per_unit) VALUES ('2022-11-01', 10, 809, 74.25);
INSERT INTO sales (date, product_id, sales_volume, price_per_unit) VALUES ('2022-12-01', 10, 877, 77.31);
INSERT INTO sales (date, product_id, sales_volume, price_per_unit) VALUES ('2023-01-01', 10, 910, 77.29);
INSERT INTO sales (date, product_id, sales_volume, price_per_unit) VALUES ('2023-02-01', 10, 852, 74.06);
INSERT INTO sales (date, product_id, sales_volume, price_per_unit) VALUES ('2023-03-01', 10, 845, 76.45);
INSERT INTO sales (date, product_id, sales_volume, price_per_unit) VALUES ('2023-04-01', 10, 869, 77.76);
INSERT INTO sales (date, product_id, sales_volume, price_per_unit) VALUES ('2023-05-01', 10, 875, 78.49);
INSERT INTO sales (date, product_id, sales_volume, price_per_unit) VALUES ('2023-06-01', 10, 809, 79.82);
INSERT INTO sales (date, product_id, sales_volume, price_per_unit) VALUES ('2023-07-01', 10, 787, 75.57);
INSERT INTO sales (date, product_id, sales_volume, price_per_unit) VALUES ('2023-08-01', 10, 867, 78.09);
INSERT INTO sales (date, product_id, sales_volume, price_per_unit) VALUES ('2023-09-01', 10, 734, 75.71);
INSERT INTO sales (date, product_id, sales_volume, price_per_unit) VALUES ('2023-10-01', 10, 840, 75.34);
INSERT INTO sales (date, product_id, sales_volume, price_per_unit) VALUES ('2023-11-01', 10, 835, 76.64);
INSERT INTO sales (date, product_id, sales_volume, price_per_unit) VALUES ('2023-12-01', 10, 936, 75.62);
INSERT INTO sales (date, product_id, sales_volume, price_per_unit) VALUES ('2020-01-01', 11, 771, 44.41);
INSERT INTO sales (date, product_id, sales_volume, price_per_unit) VALUES ('2020-02-01', 11, 798, 49.87);
INSERT INTO sales (date, product_id, sales_volume, price_per_unit) VALUES ('2020-03-01', 11, 756, 47.66);
INSERT INTO sales (date, product_id, sales_volume, price_per_unit) VALUES ('2020-04-01', 11, 785, 46.89);
INSERT INTO sales (date, product_id, sales_volume, price_per_unit) VALUES ('2020-05-01', 11, 767, 48.77);
INSERT INTO sales (date, product_id, sales_volume, price_per_unit) VALUES ('2020-06-01', 11, 776, 47.58);
INSERT INTO sales (date, product_id, sales_volume, price_per_unit) VALUES ('2020-07-01', 11, 694, 48.57);
INSERT INTO sales (date, product_id, sales_volume, price_per_unit) VALUES ('2020-08-01', 11, 768, 46.79);
INSERT INTO sales (date, product_id, sales_volume, price_per_unit) VALUES ('2020-09-01', 11, 694, 47.67);
INSERT INTO sales (date, product_id, sales_volume, price_per_unit) VALUES ('2020-10-01', 11, 822, 49.1);
INSERT INTO sales (date, product_id, sales_volume, price_per_unit) VALUES ('2020-11-01', 11, 800, 48.36);
INSERT INTO sales (date, product_id, sales_volume, price_per_unit) VALUES ('2020-12-01', 11, 812, 46.54);
INSERT INTO sales (date, product_id, sales_volume, price_per_unit) VALUES ('2021-01-01', 11, 859, 45.09);
INSERT INTO sales (date, product_id, sales_volume, price_per_unit) VALUES ('2021-02-01', 11, 794, 42.52);
INSERT INTO sales (date, product_id, sales_volume, price_per_unit) VALUES ('2021-03-01', 11, 832, 47.47);
INSERT INTO sales (date, product_id, sales_volume, price_per_unit) VALUES ('2021-04-01', 11, 801, 47.32);
INSERT INTO sales (date, product_id, sales_volume, price_per_unit) VALUES ('2021-05-01', 11, 780, 46.21);
INSERT INTO sales (date, product_id, sales_volume, price_per_unit) VALUES ('2021-06-01', 11, 801, 45.62);
INSERT INTO sales (date, product_id, sales_volume, price_per_unit) VALUES ('2021-07-01', 11, 744, 42.29);
INSERT INTO sales (date, product_id, sales_volume, price_per_unit) VALUES ('2021-08-01', 11, 792, 46.53);
INSERT INTO sales (date, product_id, sales_volume, price_per_unit) VALUES ('2021-09-01', 11, 794, 43.8);
INSERT INTO sales (date, product_id, sales_volume, price_per_unit) VALUES ('2021-10-01', 11, 790, 44.8);
INSERT INTO sales (date, product_id, sales_volume, price_per_unit) VALUES ('2021-11-01', 11, 785, 45.13);
INSERT INTO sales (date, product_id, sales_volume, price_per_unit) VALUES ('2021-12-01', 11, 806, 44.82);
INSERT INTO sales (date, product_id, sales_volume, price_per_unit) VALUES ('2022-01-01', 11, 885, 45.27);
INSERT INTO sales (date, product_id, sales_volume, price_per_unit) VALUES ('2022-02-01', 11, 873, 45.35);
INSERT INTO sales (date, product_id, sales_volume, price_per_unit) VALUES ('2022-03-01', 11, 825, 44.79);
INSERT INTO sales (date, product_id, sales_volume, price_per_unit) VALUES ('2022-04-01', 11, 823, 47.39);
INSERT INTO sales (date, product_id, sales_volume, price_per_unit) VALUES ('2022-05-01', 11, 819, 42.51);
INSERT INTO sales (date, product_id, sales_volume, price_per_unit) VALUES ('2022-06-01', 11, 733, 47.66);
INSERT INTO sales (date, product_id, sales_volume, price_per_unit) VALUES ('2022-07-01', 11, 863, 44.8);
INSERT INTO sales (date, product_id, sales_volume, price_per_unit) VALUES ('2022-08-01', 11, 798, 47.91);
INSERT INTO sales (date, product_id, sales_volume, price_per_unit) VALUES ('2022-09-01', 11, 795, 45.23);
INSERT INTO sales (date, product_id, sales_volume, price_per_unit) VALUES ('2022-10-01', 11, 859, 44.27);
INSERT INTO sales (date, product_id, sales_volume, price_per_unit) VALUES ('2022-11-01', 11, 828, 43.34);
INSERT INTO sales (date, product_id, sales_volume, price_per_unit) VALUES ('2022-12-01', 11, 858, 47.33);
INSERT INTO sales (date, product_id, sales_volume, price_per_unit) VALUES ('2023-01-01', 11, 865, 48.44);
INSERT INTO sales (date, product_id, sales_volume, price_per_unit) VALUES ('2023-02-01', 11, 884, 48.49);
INSERT INTO sales (date, product_id, sales_volume, price_per_unit) VALUES ('2023-03-01', 11, 850, 45.22);
INSERT INTO sales (date, product_id, sales_volume, price_per_unit) VALUES ('2023-04-01', 11, 855, 44.81);
INSERT INTO sales (date, product_id, sales_volume, price_per_unit) VALUES ('2023-05-01', 11, 777, 47.48);
INSERT INTO sales (date, product_id, sales_volume, price_per_unit) VALUES ('2023-06-01', 11, 787, 45.12);
INSERT INTO sales (date, product_id, sales_volume, price_per_unit) VALUES ('2023-07-01', 11, 751, 44.76);
INSERT INTO sales (date, product_id, sales_volume, price_per_unit) VALUES ('2023-08-01', 11, 780, 42.95);
INSERT INTO sales (date, product_id, sales_volume, price_per_unit) VALUES ('2023-09-01', 11, 792, 45.46);
INSERT INTO sales (date, product_id, sales_volume, price_per_unit) VALUES ('2023-10-01', 11, 825, 46.81);
INSERT INTO sales (date, product_id, sales_volume, price_per_unit) VALUES ('2023-11-01', 11, 867, 45.58);
INSERT INTO sales (date, product_id, sales_volume, price_per_unit) VALUES ('2023-12-01', 11, 818, 46.78);
INSERT INTO sales (date, product_id, sales_volume, price_per_unit) VALUES ('2020-01-01', 12, 745, 49.68);
INSERT INTO sales (date, product_id, sales_volume, price_per_unit) VALUES ('2020-02-01', 12, 723, 49.3);
INSERT INTO sales (date, product_id, sales_volume, price_per_unit) VALUES ('2020-03-01', 12, 731, 48.48);
INSERT INTO sales (date, product_id, sales_volume, price_per_unit) VALUES ('2020-04-01', 12, 770, 46.55);
INSERT INTO sales (date, product_id, sales_volume, price_per_unit) VALUES ('2020-05-01', 12, 685, 47.62);
INSERT INTO sales (date, product_id, sales_volume, price_per_unit) VALUES ('2020-06-01', 12, 628, 49.11);
INSERT INTO sales (date, product_id, sales_volume, price_per_unit) VALUES ('2020-07-01', 12, 629, 47.16);
INSERT INTO sales (date, product_id, sales_volume, price_per_unit) VALUES ('2020-08-01', 12, 719, 49.6);
INSERT INTO sales (date, product_id, sales_volume, price_per_unit) VALUES ('2020-09-01', 12, 665, 50.52);
INSERT INTO sales (date, product_id, sales_volume, price_per_unit) VALUES ('2020-10-01', 12, 663, 46.87);
INSERT INTO sales (date, product_id, sales_volume, price_per_unit) VALUES ('2020-11-01', 12, 730, 49.14);
INSERT INTO sales (date, product_id, sales_volume, price_per_unit) VALUES ('2020-12-01', 12, 750, 48.16);
INSERT INTO sales (date, product_id, sales_volume, price_per_unit) VALUES ('2021-01-01', 12, 768, 47.17);
INSERT INTO sales (date, product_id, sales_volume, price_per_unit) VALUES ('2021-02-01', 12, 781, 47.6);
INSERT INTO sales (date, product_id, sales_volume, price_per_unit) VALUES ('2021-03-01', 12, 789, 51.14);
INSERT INTO sales (date, product_id, sales_volume, price_per_unit) VALUES ('2021-04-01', 12, 793, 50.7);
INSERT INTO sales (date, product_id, sales_volume, price_per_unit) VALUES ('2021-05-01', 12, 745, 48.99);
INSERT INTO sales (date, product_id, sales_volume, price_per_unit) VALUES ('2021-06-01', 12, 737, 46.7);
INSERT INTO sales (date, product_id, sales_volume, price_per_unit) VALUES ('2021-07-01', 12, 627, 50.01);
INSERT INTO sales (date, product_id, sales_volume, price_per_unit) VALUES ('2021-08-01', 12, 674, 48.25);
INSERT INTO sales (date, product_id, sales_volume, price_per_unit) VALUES ('2021-09-01', 12, 690, 44.9);
INSERT INTO sales (date, product_id, sales_volume, price_per_unit) VALUES ('2021-10-01', 12, 699, 51.77);
INSERT INTO sales (date, product_id, sales_volume, price_per_unit) VALUES ('2021-11-01', 12, 746, 46.27);
INSERT INTO sales (date, product_id, sales_volume, price_per_unit) VALUES ('2021-12-01', 12, 751, 48.85);
INSERT INTO sales (date, product_id, sales_volume, price_per_unit) VALUES ('2022-01-01', 12, 701, 45.8);
INSERT INTO sales (date, product_id, sales_volume, price_per_unit) VALUES ('2022-02-01', 12, 788, 47.95);
INSERT INTO sales (date, product_id, sales_volume, price_per_unit) VALUES ('2022-03-01', 12, 777, 48.29);
INSERT INTO sales (date, product_id, sales_volume, price_per_unit) VALUES ('2022-04-01', 12, 787, 48.61);
INSERT INTO sales (date, product_id, sales_volume, price_per_unit) VALUES ('2022-05-01', 12, 756, 49.72);
INSERT INTO sales (date, product_id, sales_volume, price_per_unit) VALUES ('2022-06-01', 12, 695, 48.11);
INSERT INTO sales (date, product_id, sales_volume, price_per_unit) VALUES ('2022-07-01', 12, 705, 47.31);
INSERT INTO sales (date, product_id, sales_volume, price_per_unit) VALUES ('2022-08-01', 12, 696, 44.49);
INSERT INTO sales (date, product_id, sales_volume, price_per_unit) VALUES ('2022-09-01', 12, 691, 49.58);
INSERT INTO sales (date, product_id, sales_volume, price_per_unit) VALUES ('2022-10-01', 12, 723, 44.54);
INSERT INTO sales (date, product_id, sales_volume, price_per_unit) VALUES ('2022-11-01', 12, 679, 49.64);
INSERT INTO sales (date, product_id, sales_volume, price_per_unit) VALUES ('2022-12-01', 12, 713, 47.33);
INSERT INTO sales (date, product_id, sales_volume, price_per_unit) VALUES ('2023-01-01', 12, 798, 47.83);
INSERT INTO sales (date, product_id, sales_volume, price_per_unit) VALUES ('2023-02-01', 12, 825, 50.48);
INSERT INTO sales (date, product_id, sales_volume, price_per_unit) VALUES ('2023-03-01', 12, 755, 48.88);
INSERT INTO sales (date, product_id, sales_volume, price_per_unit) VALUES ('2023-04-01', 12, 803, 48.45);
INSERT INTO sales (date, product_id, sales_volume, price_per_unit) VALUES ('2023-05-01', 12, 781, 47.87);
INSERT INTO sales (date, product_id, sales_volume, price_per_unit) VALUES ('2023-06-01', 12, 761, 50.3);
INSERT INTO sales (date, product_id, sales_volume, price_per_unit) VALUES ('2023-07-01', 12, 718, 48.23);
INSERT INTO sales (date, product_id, sales_volume, price_per_unit) VALUES ('2023-08-01', 12, 762, 48.21);
INSERT INTO sales (date, product_id, sales_volume, price_per_unit) VALUES ('2023-09-01', 12, 748, 44.48);
INSERT INTO sales (date, product_id, sales_volume, price_per_unit) VALUES ('2023-10-01', 12, 709, 49.14);
INSERT INTO sales (date, product_id, sales_volume, price_per_unit) VALUES ('2023-11-01', 12, 785, 47.43);
INSERT INTO sales (date, product_id, sales_volume, price_per_unit) VALUES ('2023-12-01', 12, 699, 46.81);
INSERT INTO sales (date, product_id, sales_volume, price_per_unit) VALUES ('2020-01-01', 13, 579, 58.6);
INSERT INTO sales (date, product_id, sales_volume, price_per_unit) VALUES ('2020-02-01', 13, 571, 62.39);
INSERT INTO sales (date, product_id, sales_volume, price_per_unit) VALUES ('2020-03-01', 13, 552, 61.96);
INSERT INTO sales (date, product_id, sales_volume, price_per_unit) VALUES ('2020-04-01', 13, 560, 61.26);
INSERT INTO sales (date, product_id, sales_volume, price_per_unit) VALUES ('2020-05-01', 13, 492, 60.93);
INSERT INTO sales (date, product_id, sales_volume, price_per_unit) VALUES ('2020-06-01', 13, 505, 59.3);
INSERT INTO sales (date, product_id, sales_volume, price_per_unit) VALUES ('2020-07-01', 13, 514, 65.37);
INSERT INTO sales (date, product_id, sales_volume, price_per_unit) VALUES ('2020-08-01', 13, 503, 62.91);
INSERT INTO sales (date, product_id, sales_volume, price_per_unit) VALUES ('2020-09-01', 13, 493, 60.77);
INSERT INTO sales (date, product_id, sales_volume, price_per_unit) VALUES ('2020-10-01', 13, 517, 61.66);
INSERT INTO sales (date, product_id, sales_volume, price_per_unit) VALUES ('2020-11-01', 13, 561, 60.72);
INSERT INTO sales (date, product_id, sales_volume, price_per_unit) VALUES ('2020-12-01', 13, 586, 61.55);
INSERT INTO sales (date, product_id, sales_volume, price_per_unit) VALUES ('2021-01-01', 13, 697, 62.03);
INSERT INTO sales (date, product_id, sales_volume, price_per_unit) VALUES ('2021-02-01', 13, 573, 63.8);
INSERT INTO sales (date, product_id, sales_volume, price_per_unit) VALUES ('2021-03-01', 13, 583, 62.0);
INSERT INTO sales (date, product_id, sales_volume, price_per_unit) VALUES ('2021-04-01', 13, 605, 61.61);
INSERT INTO sales (date, product_id, sales_volume, price_per_unit) VALUES ('2021-05-01', 13, 525, 62.89);
INSERT INTO sales (date, product_id, sales_volume, price_per_unit) VALUES ('2021-06-01', 13, 509, 62.15);
INSERT INTO sales (date, product_id, sales_volume, price_per_unit) VALUES ('2021-07-01', 13, 500, 62.94);
INSERT INTO sales (date, product_id, sales_volume, price_per_unit) VALUES ('2021-08-01', 13, 476, 59.67);
INSERT INTO sales (date, product_id, sales_volume, price_per_unit) VALUES ('2021-09-01', 13, 513, 59.91);
INSERT INTO sales (date, product_id, sales_volume, price_per_unit) VALUES ('2021-10-01', 13, 558, 63.95);
INSERT INTO sales (date, product_id, sales_volume, price_per_unit) VALUES ('2021-11-01', 13, 560, 59.4);
INSERT INTO sales (date, product_id, sales_volume, price_per_unit) VALUES ('2021-12-01', 13, 591, 62.09);
INSERT INTO sales (date, product_id, sales_volume, price_per_unit) VALUES ('2022-01-01', 13, 630, 61.14);
INSERT INTO sales (date, product_id, sales_volume, price_per_unit) VALUES ('2022-02-01', 13, 661, 62.29);
INSERT INTO sales (date, product_id, sales_volume, price_per_unit) VALUES ('2022-03-01', 13, 593, 62.76);
INSERT INTO sales (date, product_id, sales_volume, price_per_unit) VALUES ('2022-04-01', 13, 553, 60.89);
INSERT INTO sales (date, product_id, sales_volume, price_per_unit) VALUES ('2022-05-01', 13, 531, 62.31);
INSERT INTO sales (date, product_id, sales_volume, price_per_unit) VALUES ('2022-06-01', 13, 579, 59.62);
INSERT INTO sales (date, product_id, sales_volume, price_per_unit) VALUES ('2022-07-01', 13, 507, 60.87);
INSERT INTO sales (date, product_id, sales_volume, price_per_unit) VALUES ('2022-08-01', 13, 549, 60.25);
INSERT INTO sales (date, product_id, sales_volume, price_per_unit) VALUES ('2022-09-01', 13, 498, 61.6);
INSERT INTO sales (date, product_id, sales_volume, price_per_unit) VALUES ('2022-10-01', 13, 537, 61.89);
INSERT INTO sales (date, product_id, sales_volume, price_per_unit) VALUES ('2022-11-01', 13, 615, 60.42);
INSERT INTO sales (date, product_id, sales_volume, price_per_unit) VALUES ('2022-12-01', 13, 601, 65.61);
INSERT INTO sales (date, product_id, sales_volume, price_per_unit) VALUES ('2023-01-01', 13, 533, 58.37);
INSERT INTO sales (date, product_id, sales_volume, price_per_unit) VALUES ('2023-02-01', 13, 602, 61.49);
INSERT INTO sales (date, product_id, sales_volume, price_per_unit) VALUES ('2023-03-01', 13, 593, 64.5);
INSERT INTO sales (date, product_id, sales_volume, price_per_unit) VALUES ('2023-04-01', 13, 629, 60.9);
INSERT INTO sales (date, product_id, sales_volume, price_per_unit) VALUES ('2023-05-01', 13, 599, 63.22);
INSERT INTO sales (date, product_id, sales_volume, price_per_unit) VALUES ('2023-06-01', 13, 590, 59.02);
INSERT INTO sales (date, product_id, sales_volume, price_per_unit) VALUES ('2023-07-01', 13, 518, 60.05);
INSERT INTO sales (date, product_id, sales_volume, price_per_unit) VALUES ('2023-08-01', 13, 580, 60.47);
INSERT INTO sales (date, product_id, sales_volume, price_per_unit) VALUES ('2023-09-01', 13, 478, 61.11);
INSERT INTO sales (date, product_id, sales_volume, price_per_unit) VALUES ('2023-10-01', 13, 561, 60.77);
INSERT INTO sales (date, product_id, sales_volume, price_per_unit) VALUES ('2023-11-01', 13, 554, 61.83);
INSERT INTO sales (date, product_id, sales_volume, price_per_unit) VALUES ('2023-12-01', 13, 529, 65.08);
INSERT INTO sales (date, product_id, sales_volume, price_per_unit) VALUES ('2020-01-01', 14, 1028, 75.21);
INSERT INTO sales (date, product_id, sales_volume, price_per_unit) VALUES ('2020-02-01', 14, 1017, 70.77);
INSERT INTO sales (date, product_id, sales_volume, price_per_unit) VALUES ('2020-03-01', 14, 1024, 70.85);
INSERT INTO sales (date, product_id, sales_volume, price_per_unit) VALUES ('2020-04-01', 14, 978, 74.96);
INSERT INTO sales (date, product_id, sales_volume, price_per_unit) VALUES ('2020-05-01', 14, 984, 70.53);
INSERT INTO sales (date, product_id, sales_volume, price_per_unit) VALUES ('2020-06-01', 14, 945, 69.91);
INSERT INTO sales (date, product_id, sales_volume, price_per_unit) VALUES ('2020-07-01', 14, 927, 71.28);
INSERT INTO sales (date, product_id, sales_volume, price_per_unit) VALUES ('2020-08-01', 14, 986, 72.77);
INSERT INTO sales (date, product_id, sales_volume, price_per_unit) VALUES ('2020-09-01', 14, 932, 72.34);
INSERT INTO sales (date, product_id, sales_volume, price_per_unit) VALUES ('2020-10-01', 14, 941, 68.54);
INSERT INTO sales (date, product_id, sales_volume, price_per_unit) VALUES ('2020-11-01', 14, 996, 76.58);
INSERT INTO sales (date, product_id, sales_volume, price_per_unit) VALUES ('2020-12-01', 14, 1018, 74.01);
INSERT INTO sales (date, product_id, sales_volume, price_per_unit) VALUES ('2021-01-01', 14, 1052, 72.05);
INSERT INTO sales (date, product_id, sales_volume, price_per_unit) VALUES ('2021-02-01', 14, 1016, 68.33);
INSERT INTO sales (date, product_id, sales_volume, price_per_unit) VALUES ('2021-03-01', 14, 1037, 68.18);
INSERT INTO sales (date, product_id, sales_volume, price_per_unit) VALUES ('2021-04-01', 14, 1081, 69.81);
INSERT INTO sales (date, product_id, sales_volume, price_per_unit) VALUES ('2021-05-01', 14, 1049, 74.1);
INSERT INTO sales (date, product_id, sales_volume, price_per_unit) VALUES ('2021-06-01', 14, 1004, 65.41);
INSERT INTO sales (date, product_id, sales_volume, price_per_unit) VALUES ('2021-07-01', 14, 969, 71.75);
INSERT INTO sales (date, product_id, sales_volume, price_per_unit) VALUES ('2021-08-01', 14, 984, 72.1);
INSERT INTO sales (date, product_id, sales_volume, price_per_unit) VALUES ('2021-09-01', 14, 967, 71.28);
INSERT INTO sales (date, product_id, sales_volume, price_per_unit) VALUES ('2021-10-01', 14, 980, 73.0);
INSERT INTO sales (date, product_id, sales_volume, price_per_unit) VALUES ('2021-11-01', 14, 1087, 69.56);
INSERT INTO sales (date, product_id, sales_volume, price_per_unit) VALUES ('2021-12-01', 14, 1068, 75.12);
INSERT INTO sales (date, product_id, sales_volume, price_per_unit) VALUES ('2022-01-01', 14, 1052, 69.01);
INSERT INTO sales (date, product_id, sales_volume, price_per_unit) VALUES ('2022-02-01', 14, 1060, 69.66);
INSERT INTO sales (date, product_id, sales_volume, price_per_unit) VALUES ('2022-03-01', 14, 999, 72.25);
INSERT INTO sales (date, product_id, sales_volume, price_per_unit) VALUES ('2022-04-01', 14, 1045, 72.27);
INSERT INTO sales (date, product_id, sales_volume, price_per_unit) VALUES ('2022-05-01', 14, 968, 69.48);
INSERT INTO sales (date, product_id, sales_volume, price_per_unit) VALUES ('2022-06-01', 14, 1011, 72.96);
INSERT INTO sales (date, product_id, sales_volume, price_per_unit) VALUES ('2022-07-01', 14, 922, 71.58);
INSERT INTO sales (date, product_id, sales_volume, price_per_unit) VALUES ('2022-08-01', 14, 960, 73.76);
INSERT INTO sales (date, product_id, sales_volume, price_per_unit) VALUES ('2022-09-01', 14, 972, 72.28);
INSERT INTO sales (date, product_id, sales_volume, price_per_unit) VALUES ('2022-10-01', 14, 1007, 69.38);
INSERT INTO sales (date, product_id, sales_volume, price_per_unit) VALUES ('2022-11-01', 14, 967, 71.79);
INSERT INTO sales (date, product_id, sales_volume, price_per_unit) VALUES ('2022-12-01', 14, 1131, 70.79);
INSERT INTO sales (date, product_id, sales_volume, price_per_unit) VALUES ('2023-01-01', 14, 1117, 72.89);
INSERT INTO sales (date, product_id, sales_volume, price_per_unit) VALUES ('2023-02-01', 14, 1088, 71.95);
INSERT INTO sales (date, product_id, sales_volume, price_per_unit) VALUES ('2023-03-01', 14, 1080, 73.84);
INSERT INTO sales (date, product_id, sales_volume, price_per_unit) VALUES ('2023-04-01', 14, 981, 74.83);
INSERT INTO sales (date, product_id, sales_volume, price_per_unit) VALUES ('2023-05-01', 14, 1034, 71.29);
INSERT INTO sales (date, product_id, sales_volume, price_per_unit) VALUES ('2023-06-01', 14, 1031, 72.77);
INSERT INTO sales (date, product_id, sales_volume, price_per_unit) VALUES ('2023-07-01', 14, 1012, 71.58);
INSERT INTO sales (date, product_id, sales_volume, price_per_unit) VALUES ('2023-08-01', 14, 960, 73.31);
INSERT INTO sales (date, product_id, sales_volume, price_per_unit) VALUES ('2023-09-01', 14, 988, 70.97);
INSERT INTO sales (date, product_id, sales_volume, price_per_unit) VALUES ('2023-10-01', 14, 1086, 73.46);
INSERT INTO sales (date, product_id, sales_volume, price_per_unit) VALUES ('2023-11-01', 14, 1018, 70.53);
INSERT INTO sales (date, product_id, sales_volume, price_per_unit) VALUES ('2023-12-01', 14, 1074, 69.35);
INSERT INTO sales (date, product_id, sales_volume, price_per_unit) VALUES ('2020-01-01', 15, 715, 52.73);
INSERT INTO sales (date, product_id, sales_volume, price_per_unit) VALUES ('2020-02-01', 15, 709, 49.99);
INSERT INTO sales (date, product_id, sales_volume, price_per_unit) VALUES ('2020-03-01', 15, 702, 46.54);
INSERT INTO sales (date, product_id, sales_volume, price_per_unit) VALUES ('2020-04-01', 15, 659, 51.57);
INSERT INTO sales (date, product_id, sales_volume, price_per_unit) VALUES ('2020-05-01', 15, 603, 47.54);
INSERT INTO sales (date, product_id, sales_volume, price_per_unit) VALUES ('2020-06-01', 15, 605, 48.22);
INSERT INTO sales (date, product_id, sales_volume, price_per_unit) VALUES ('2020-07-01', 15, 603, 49.67);
INSERT INTO sales (date, product_id, sales_volume, price_per_unit) VALUES ('2020-08-01', 15, 613, 43.55);
INSERT INTO sales (date, product_id, sales_volume, price_per_unit) VALUES ('2020-09-01', 15, 674, 49.49);
INSERT INTO sales (date, product_id, sales_volume, price_per_unit) VALUES ('2020-10-01', 15, 633, 48.49);
INSERT INTO sales (date, product_id, sales_volume, price_per_unit) VALUES ('2020-11-01', 15, 715, 47.01);
INSERT INTO sales (date, product_id, sales_volume, price_per_unit) VALUES ('2020-12-01', 15, 629, 51.35);
INSERT INTO sales (date, product_id, sales_volume, price_per_unit) VALUES ('2021-01-01', 15, 686, 52.1);
INSERT INTO sales (date, product_id, sales_volume, price_per_unit) VALUES ('2021-02-01', 15, 731, 50.95);
INSERT INTO sales (date, product_id, sales_volume, price_per_unit) VALUES ('2021-03-01', 15, 720, 49.39);
INSERT INTO sales (date, product_id, sales_volume, price_per_unit) VALUES ('2021-04-01', 15, 669, 47.69);
INSERT INTO sales (date, product_id, sales_volume, price_per_unit) VALUES ('2021-05-01', 15, 745, 48.36);
INSERT INTO sales (date, product_id, sales_volume, price_per_unit) VALUES ('2021-06-01', 15, 626, 51.0);
INSERT INTO sales (date, product_id, sales_volume, price_per_unit) VALUES ('2021-07-01', 15, 650, 46.45);
INSERT INTO sales (date, product_id, sales_volume, price_per_unit) VALUES ('2021-08-01', 15, 612, 51.96);
INSERT INTO sales (date, product_id, sales_volume, price_per_unit) VALUES ('2021-09-01', 15, 604, 46.03);
INSERT INTO sales (date, product_id, sales_volume, price_per_unit) VALUES ('2021-10-01', 15, 622, 48.78);
INSERT INTO sales (date, product_id, sales_volume, price_per_unit) VALUES ('2021-11-01', 15, 716, 49.38);
INSERT INTO sales (date, product_id, sales_volume, price_per_unit) VALUES ('2021-12-01', 15, 740, 48.73);
INSERT INTO sales (date, product_id, sales_volume, price_per_unit) VALUES ('2022-01-01', 15, 712, 51.16);
INSERT INTO sales (date, product_id, sales_volume, price_per_unit) VALUES ('2022-02-01', 15, 724, 53.41);
INSERT INTO sales (date, product_id, sales_volume, price_per_unit) VALUES ('2022-03-01', 15, 684, 53.21);
INSERT INTO sales (date, product_id, sales_volume, price_per_unit) VALUES ('2022-04-01', 15, 643, 50.16);
INSERT INTO sales (date, product_id, sales_volume, price_per_unit) VALUES ('2022-05-01', 15, 672, 48.14);
INSERT INTO sales (date, product_id, sales_volume, price_per_unit) VALUES ('2022-06-01', 15, 724, 52.32);
INSERT INTO sales (date, product_id, sales_volume, price_per_unit) VALUES ('2022-07-01', 15, 654, 47.93);
INSERT INTO sales (date, product_id, sales_volume, price_per_unit) VALUES ('2022-08-01', 15, 670, 52.91);
INSERT INTO sales (date, product_id, sales_volume, price_per_unit) VALUES ('2022-09-01', 15, 657, 48.67);
INSERT INTO sales (date, product_id, sales_volume, price_per_unit) VALUES ('2022-10-01', 15, 688, 49.64);
INSERT INTO sales (date, product_id, sales_volume, price_per_unit) VALUES ('2022-11-01', 15, 651, 47.54);
INSERT INTO sales (date, product_id, sales_volume, price_per_unit) VALUES ('2022-12-01', 15, 770, 45.86);
INSERT INTO sales (date, product_id, sales_volume, price_per_unit) VALUES ('2023-01-01', 15, 738, 47.85);
INSERT INTO sales (date, product_id, sales_volume, price_per_unit) VALUES ('2023-02-01', 15, 739, 50.45);
INSERT INTO sales (date, product_id, sales_volume, price_per_unit) VALUES ('2023-03-01', 15, 765, 52.2);
INSERT INTO sales (date, product_id, sales_volume, price_per_unit) VALUES ('2023-04-01', 15, 787, 52.09);
INSERT INTO sales (date, product_id, sales_volume, price_per_unit) VALUES ('2023-05-01', 15, 684, 51.95);
INSERT INTO sales (date, product_id, sales_volume, price_per_unit) VALUES ('2023-06-01', 15, 672, 51.79);
INSERT INTO sales (date, product_id, sales_volume, price_per_unit) VALUES ('2023-07-01', 15, 657, 48.71);
INSERT INTO sales (date, product_id, sales_volume, price_per_unit) VALUES ('2023-08-01', 15, 595, 47.29);
INSERT INTO sales (date, product_id, sales_volume, price_per_unit) VALUES ('2023-09-01', 15, 626, 48.81);
INSERT INTO sales (date, product_id, sales_volume, price_per_unit) VALUES ('2023-10-01', 15, 749, 50.0);
INSERT INTO sales (date, product_id, sales_volume, price_per_unit) VALUES ('2023-11-01', 15, 717, 49.22);
INSERT INTO sales (date, product_id, sales_volume, price_per_unit) VALUES ('2023-12-01', 15, 684, 48.43);